Section,Count
References,2901
External links,1802
See also,788
History,530
Career,248
Notes,187
Biography,178
Personal life,140
Plot,135
Early life,132
Description,131
Bibliography,129
Track listing,127
Cast,123
Further reading,122
Reception,119
Background,113
Geography,96
Sources,95
Personnel,78
Education,78
Awards,74
Life,74
Early life and education,65
Discography,63
Filmography,63
Demographics,61
Production,61
Results,59
Honours,54
Gallery,50
Distribution,47
Works,44
Death,43
Publications,43
Overview,43
Career statistics,42
Charts,39
Club career,37
Family,36
Singles,33
Critical reception,33
Final,30
Books,28
Release,28
Professional career,27
Location,26
Television,26
Playing career,24
Legacy,23
Key,23
Gameplay,23
Soundtrack,23
Taxonomy,22
Development,22
Chart performance,22
Draw,22
Citations,22
Notable people,22
Places,22
Music video,21
Other,21
Later life,21
Synopsis,20
Plot summary,20
International career,20
Population,20
Events,20
Political career,19
Club,19
Footnotes,19
Architecture,19
Music,19
Seeds,18
Film,18
Major intersections,18
Selected filmography,17
Finals,17
Aftermath,16
Awards and nominations,16
Route description,16
In popular culture,16
Distribution and habitat,15
Species,15
Design,15
Life and career,15
Composition,15
Etymology,15
Work,15
Albums,15
Schedule,14
Early years,14
Selected works,14
Records,14
Economy,14
People,14
Coaching career,14
College career,14
Notes and references,13
Characteristics,13
Weekly charts,13
Politics,13
Deaths,13
International,13
Research,13
Literature,13
Release history,13
Recognition,13
Births,13
Construction,13
Other uses,13
Transportation,12
Medalists,12
Notable alumni,12
Year-end charts,12
Regular season and playoffs,12
Doubles,12
Awards and honors,12
Personal,12
Climate,11
Operations,11
Episodes,11
Military career,11
Heats,11
Selected publications,11
Transport,11
Features,11
Athletics,11
Reviews,11
Characters,11
Roster,11
Studio albums,10
Habitat,10
Examples,10
Death and legacy,10
Election results,10
Summary,10
Men,10
Early career,10
Members,10
Early life and career,10
United States,10
Education and career,9
Statistics,9
Later career,9
Incumbents,9
Awards and honours,9
Origins,9
Electoral history,9
Ecology,9
Sports,9
Facilities,9
Recordings,9
Certifications,9
Conservation,8
Controversy,8
Accolades,8
Head coaching record,8
Semifinals,8
Services,8
Winners,8
Government,8
Activities,8
Applications,8
Service history,8
Function,8
2010s,8
Route,8
Taxonomy and naming,7
Properties,7
Achievements,7
Fleet,7
List,7
Variants,7
Criticism,7
Life and work,7
Individual,7
Writings,7
Details,7
Publication history,7
Usage,7
Service,7
Women,7
Products,7
Name,7
Songs,7
Today,7
Attribution,7
College,7
Use,6
Track listings,6
Station layout,6
Connections,6
Text,6
World War II,6
Honors,6
Premise,6
Release and reception,6
Exhibitions,6
Playoffs,6
Top half,6
Bottom half,6
Toponymy,6
Content,6
Uses,6
Awards and decorations,6
Video games,6
Culture,6
Definition,6
2020s,6
Rankings,6
2000s,6
Early life and family,6
First round,6
Others,5
Ancestry,5
Lines,5
Works cited,5
Notable players,5
Cultural references,5
Biology,5
Ratings,5
Significance,5
National team career,5
Films,5
Qualification,5
Teams,5
Example,5
Collections,5
Programs,5
Contents,5
Leadership,5
World War I,5
Course,5
Current squad,5
Academics,5
Demography,5
Preservation,5
Academic career,5
Religion,5
Technology,5
Schedule and results,5
Buildings,5
Player,5
Personal bests,5
Governance,5
Band members,5
Business career,5
Affiliations,5
Administration,5
2000 census,5
Recreation,5
Musicians,5
Themes,5
Nomenclature,4
Marriage and family,4
Archaeology,4
Adjacent stations,4
Surrounding area,4
Game results,4
Translations,4
Commemoration,4
Players,4
Medal table,4
Table,4
Representative career,4
Film and television,4
Discovery,4
Reactions,4
Surname,4
Fictional characters,4
Home media,4
Operational history,4
Champions,4
Analysis,4
Description and history,4
Political life,4
Subspecies,4
Adaptations,4
Taxonomy and etymology,4
Side one,4
Side two,4
Recipients,4
Heritage listings,4
Business,4
Origin,4
Credits,4
Company history,4
Schools,4
Plot synopsis,4
Standings,4
Clubs,4
Awards and recognitions,4
Medal of Honor citation,4
Articles,4
Notable members,4
General election,4
Battle,4
Conservation status,4
Construction and career,4
Decorations,4
Season-by-season records,4
Military service,4
"Arts, entertainment, and media",4
Shooting,4
Racing career,4
Early history,4
Mechanism,4
Layout,4
Commanders,4
Science and technology,4
Winners and nominees,4
Mission,4
International goals,4
Controversies,4
1990s,4
Scholarship,4
Honors and awards,4
Candidates,4
Novels,4
Honours and awards,4
Previous season,4
Naval career,4
Federal judicial service,4
Critical response,4
High school,4
Trivia,4
Major results,4
Amateur career,4
2010 census,4
Specifications,4
Structure,4
Professional,4
Retirement,4
Collected editions,4
Production notes,3
Politicians,3
Published works,3
Formation,3
Performance,3
Process,3
Tourism,3
External Links,3
Locations,3
Veneration,3
Season to season,3
Music videos,3
Baseball career,3
Current use,3
Given name,3
Interpretations,3
Production history,3
Design and development,3
Other entrants,3
Coaches,3
Images,3
Patents,3
Background and composition,3
"Notes, citations, and references",3
Organization,3
Titles,3
Range and habitat,3
Administrative divisions,3
Establishment,3
Storylines,3
Series overview,3
Theatre,3
Projects,3
Format,3
Name and history,3
Life cycle,3
Advocacy,3
Team roster,3
Sights,3
Results by county,3
Physical characteristics,3
Reaction,3
World Championships,3
Selected recordings,3
Professional life,3
Media,3
Popular culture,3
Reproduction,3
Regular season,3
Legislation,3
Commentary,3
Availability,3
Movies,3
Abstracting and indexing,3
Competitions,3
2010,3
Places of interest,3
Subdivisions,3
Current listings,3
Genetics,3
Facts,3
Airlines and destinations,3
Style,3
Cultivation,3
Photo gallery,3
Arts,3
National team,3
Canada,3
Arts and literature,3
Heritage listing,3
Story,3
Junctions,3
Legend,3
Chart positions,3
Temples,3
Digitisation,3
Requirements,3
Competition format,3
Group stage,3
Semi-finals,3
Writing career,3
Notable places nearby,3
Personal life and death,3
Squad,3
External sources,3
Later life and legacy,3
Ships,3
Background and release,3
Other work,3
Building,3
Diagnosis,3
Musical career,3
Second round,3
Sequel,3
Compilation albums,3
As leader,3
As sideman,3
Language,3
Provincial career,3
Interactions,3
Similar species,3
Genera,3
Football career,3
Major characters,3
Funding,3
Coach,3
United Kingdom,3
Infrastructure,3
Artwork,3
Treatment,3
Speedway Grand Prix results,3
Poetry,3
Use in horticulture,2
EPs,2
Acting career,2
Bracket,2
Literary works,2
Sportspeople,2
Background and education,2
Timeline,2
Chronology,2
Sources and external links,2
Road transportation,2
Fiction,2
Awards and recognition,2
International play,2
Telefilm,2
Staff,2
Title,2
Routes,2
Powers,2
Members of Parliament,2
Club history,2
Result,2
Accomplishments,2
Distinctions,2
Family tree,2
Ideology,2
Anime,2
Monuments,2
Model,2
National team statistics,2
Post-playing career,2
Private life,2
Games,2
Cited sources,2
Road infrastructure,2
Title fights,2
Advantages,2
Feeding,2
Selected group exhibitions,2
Asian Games,2
Race results,2
Participation,2
Burials,2
Destinations,2
Accidents and incidents,2
Traffic volume,2
Road junctions and populated areas,2
National,2
Baseball,2
Artistic career,2
Location and structure,2
Communications,2
Cast and characters,2
Character,2
Science,2
Current status,2
Structures,2
Purpose,2
Campus,2
Sequels,2
Barangays,2
Cast and crew,2
Event,2
Beginnings,2
Amenities,2
Setting,2
Fauna,2
Distribution and ecology,2
Year-by-year,2
Famous residents,2
Character overview,2
High schools,2
Elementary schools,2
Membership,2
Football,2
Literary career,2
Publishing history,2
Fictional biography,2
Lev Gleason Publications,2
Debuts,2
Television shows,2
Orbit and classification,2
Rotation period,2
Diameter and albedo,2
Naming,2
Impact,2
Design and description,2
Politician,2
Selected bibliography,2
Domestic competitions,2
B-side,2
Dating,2
Album,2
Definitions,2
An example,2
Generalizations,2
Season standings,2
Olympic results,2
General references,2
Awards and distinctions,2
Bus services,2
Dates of rank,2
2008,2
Expansion,2
Personal background,2
Transfers,2
League table,2
Stud record,2
Pedigree,2
Criticisms,2
Members of Legislative Assembly,2
Notable residents,2
Cross-country skiing,2
Current,2
Sides,2
Competition record,2
Animation,2
Transmission,2
Profile,2
Villages,2
Former listing,2
Teaching,2
Voice,2
Names,2
Foundation,2
Club statistics,2
College football,2
Order of battle,2
Internet,2
2020–present,2
Landmarks,2
Editors,2
School,2
High school career,2
Sport,2
History and architecture,2
Functions,2
Honors and Awards,2
Contestants,2
Interests,2
Descendants,2
Murders,2
Investigation,2
Television series,2
Bishops,2
State,2
Electoral record,2
Race,2
Caution flags,2
Influence,2
Habitat and biology,2
Other sources,2
Early and personal life,2
Honors and recognition,2
Domestic results,2
Emperor's Cup,2
Player statistics,2
Other pages,2
Activity,2
Formulation,2
Box office,2
Family life,2
Personality,2
1980s,2
Accessibility,2
Policy,2
Relatives,2
Album credits,2
Championships,2
Birth and education,2
Live performances,2
Maps,2
Motorsports career results,2
NASCAR,2
Television work,2
Publication and reception,2
Presidents,2
Modern history,2
Volumes,2
Programming,2
Box-office,2
Media appearances,2
Evaluation,2
Match,2
Rugby union career,2
Rugby league career,2
Present,2
Semi finals,2
Quarter-finals,2
Lineage,2
Playing style,2
Victims,2
Trial,2
Artists,2
Institutions,2
Before Eurovision,2
National final,2
At Eurovision,2
Voting,2
Executions,2
Jewish Memorial Gardens,2
Results in major championships,2
Main sights,2
Range,2
Superlatives,2
Musical style,2
Campaign,2
Faculty,2
3rd place,2
Artist,2
Main,2
Management,2
Life and education,2
2021,2
Festival screenings,2
Commercial performance,2
Damage,2
AFL career,2
Election Results,2
2019,2
Tenants,2
First round repechage,2
Phonology,2
Medal tables,2
Music and lyrics,2
Dissolution,2
Community groups,2
Appearances,2
Journalist,2
Covers,2
Participants,2
Game summary,2
Genome,2
Recording and release,2
Technical details,2
International relations,2
Classification,2
Twin towns – sister cities,2
Grand Tour general classification results timeline,2
Live albums,2
Rugby Union career,2
Additional information,2
Form,2
Coat of arms,2
Motto,2
Anthropology,2
Season victories,2
Symbolism,2
Postwar,2
Case studies,2
Quarterfinals,2
Behaviour,2
Divisions,2
Former schools,2
Notable former players,2
Issues,2
Plot introduction,2
Other characters,2
Outline,2
Medal Summary,2
Legislative elections,2
2017,2
2012,2
2007,2
Operators,2
Men's,2
Women's,2
Homages,2
Roles,2
Legislative History,2
Recording,2
Heat 1,2
Heat 2,2
Development and release,2
Broadcast,2
Primary sources,2
California,2
Pastors,2
Judgment,2
Species list,2
Awards and achievements,2
Coins,2
Venues,2
Modifications,2
Technical personnel,2
Publication,2
Arrangements,2
2022,2
Medicine,2
Current roster,2
Early years and education,2
Causes,2
Collaborations,2
Youth and college,2
History and development,2
Main characters,2
Club career statistics,2
Entertainment,2
Community,2
Access,2
Product,2
Habitat and distribution,2
Housing,2
Later years,2
Medal summary,2
Productions,2
Acquisition,2
American Civil War,2
Representatives,2
Civilian life,2
Production and release,2
Hosts,2
External links and additional sources,2
Employment,2
Subchannels,2
Popularity,2
Notable burials,2
Commentary from the Church Fathers,2
Elections,2
Scheduling,2
Managerial history,2
